id,title,artist,year,views,features,is_country,is_pop,is_rap,is_rb,is_rock,stanza_number,is_chorus,lemmatized_stanzas
94517,I Met Her At Trap SZN,The Problematic Genius,2019,28,{''},False,False,True,False,False,0,False,"['I', 'pop', 'an', 'addy', 'make', 'a', 'mill', 'fill', 'my', 'mind', 'with', 'sin', 'while', 'I', 'win', 'and', 'win']"
160593,Lune,Periphery,2016,22216,{''},False,False,False,False,True,8,False,"['whoa', 'oh', 'oh', 'whoa', 'oh', 'whoa', 'oh', 'oh', 'whoa', 'oh', 'whoa', 'oh', 'oh', 'whoa', 'oh', 'whoa', 'oh', 'oh', 'whoa', 'oh']"
94306,Thee Business,Ted Roe,2012,27,"{'DJ Klimax', 'High-C'}",False,False,True,False,False,0,False,"['what', 'be', 'really', 'good', 'with', 'these', 'question', 'you', 'be', 'askin', 'obama', 'and', 'my', 'mama', 'know', 'that', 'I', 'pay', 'my', 'taxis', 'never', 'have', 'much', 'trouble', 'credit', 'card', 'be', 'a', 'bastard', 'work', 'in', 'collection', 'make', 'I', 'start', 'to', 'look', 'backwards', 'see', 'fuck', 'allianceone', 'be', 'still', 'a', 'come', 'attraction', 'but', 'enough', 'distraction', 'I', 'come', 'to', 'spit', 'fact', 'on', 'the', 'basic', 'step', 'on', 'how', 'to', 'build', 'your', 'stack', 'up', 'no', 'crack', 'but', 'capital', 'be', 'need', 'get', 'those', 'tax', 'free', 'rack', 'up', 'busy', 'get', 'weed', 'leave', 'you', 'seedless', 'hit', 'the', 'track', 'bruh', 'grind', 'for', 'what', 'you', 'need', 'until', 'the', 'toil', 'tear', 'your', 'back', 'up', 'flip', 'it', 'with', 'a', 'speed', 'that', 'guarantee', 'you', 'will', 'double', 'that', 'one', 'and', 'wash', 'rinse', 'and', 'repeat', 'hustlenomic', 'it', 'be', 'a', 'sample', 'you', 'can', 'move', 'more', 'weight', 'than', 'acme', 'do', 'selling', 'anvil', 'more', 'syrup', 'than', 'fructose', 'more', 'pill', 'than', 'advil', 'if', 'you', 'miss', 'the', 'message', 'press', 'rewind', 'on', 'the', 'ramble', 'then', 'bubble', 'up', 'your', 'dirt', 'just', 'like', 'proctor', 'gamble']"
38711,August Dear,The Chipmunks,1961,79,{''},False,True,False,False,False,3,False,"['okay', 'mien', 'hair', 'be', 'you', 'bear', 'in', 'august', 'dear', 'august', 'dear', 'august', 'dear', 'be', 'you', 'bear', 'in', 'august', 'or', 'be', 'it', 'july', 'september', 'october', 'november', 'december', 'oh', 'be', 'you', 'bear', 'in', 'august', 'or', 'be', 'it', 'july']"
154802,The Lord of Lies,Grand Magus,2010,196,{''},False,False,False,False,True,2,True,"['a', 'sacrifice', 'to', 'make', 'it', 'work', 'he', 'must', 'endure', 'the', 'pain', 'a', 'conjuring', 'free', 'the', 'magic', 'fan', 'the', 'flame', 'again']"
100713,Brand New Shirt,SuperMega,2021,8520,{''},False,False,True,False,False,3,False,"['get', 'a', 'brand', 'new', 'lung', 'get', 'to', 'switch', 'em', 'out', 'cause', 'smoking', 'ciggie', 'be', 'fun', 'breathing', 'like', 'a', 'champ', 'with', 'my', 'brand', 'new', 'lung', 'sip', 'on', 'this', 'can', 'with', 'my', 'brand', 'new', 'lung', 'slurpgot', 'a', 'brand', 'new', 'toy', 'taste', 'kinda', 'funny', 'but', 'it', 'bring', 'I', 'joy', 'I', 'have', 'a', 'lot', 'of', 'fun', 'with', 'my', 'brand', 'new', 'toy', 'slurpgot', 'a', 'brand', 'new', 'drink', 'taste', 'kind', 'of', 'bitter', 'but', 'it', 'really', 'do', 'n’t', 'sting', 'really', 'go', 'in', 'slurp', 'oh', 'ugh', 'brand', 'new', 'slurpingoh', 'god', 'slurp', 'cough']"
107958,Lady of Leisure,Gifted Gab,2015,3496,{''},False,False,True,False,False,4,False,"['yo', 'these', 'bitch', 'runnin', 'round', 'tryna', 'be', 'renegade', 'but', 'bitch', 'I', 'run', 'the', 'town', 'if', 'you', 'wanna', 'get', 'pay', 'you', 'should', 'come', 'my', 'way', 'you', 'should', 'come', 'my', 'way', 'you', 'should', 'come', 'my', 'way', 'you', 'should', 'come', 'my', 'wayyou', 'should', 'come', 'my', 'way', 'you', 'should', 'come', 'my', 'way', 'you', 'should', 'come', 'my', 'way', 'you', 'should', 'come', 'my', 'waybitch', 'I', 'run', 'the', 'town', 'bitch', 'I', 'run', 'the', 'town']"
156096,Dreams Never Die,David Akulian,2020,17,{''},False,False,False,False,True,1,False,"['it', '’', 'easy', 'to', 'fall', 'but', 'too', 'hard', 'to', 'climb', 'it', '’', 'easy', 'to', 'lose', 'but', 'too', 'hard', 'to', 'find', 'but', 'dream', 'never']"
124682,All Mine,Good Girl,2016,1563,{''},False,False,False,True,False,1,True,"['you', 'know', 'my', 'body', ""'s"", 'calling', 'for', 'youto', 'come', 'and', 'dance', 'up', 'on', 'it', 'boy', 'whine', 'it', 'all', 'this', 'for', 'youyou', 'know', 'you', 'know', 'you', 'like', 'it', 'so', 'what', 'you', 'gon', 'do?dance', 'up', 'on', 'it', 'boy', 'whine', 'it', 'all', 'this', 'for', 'you']"
84411,Thewalkingdead,Azynporter,2019,32,{''},False,False,True,False,False,2,False,"['I', 'get', 'a', 'gun', 'I', 'get', 'a', 'gun', 'I', 'get', 'a', 'gun', 'I', 'get', 'a', 'gun']"
102708,Found U,Jay Kline,2021,3,{''},False,False,True,False,False,5,False,"['find', 'I', 'on', 'edge', 'I', 'be', 'on', 'the', 'ledge', 'not', 'use', 'my', 'head', 'always', 'feel', 'stress', 'who', 'could', 'love', 'I', 'well', 'what', 'do', 'I', 'expect', 'I', 'be', 'down', 'and', 'out', 'you', 'would', 'never', 'check']"
50535,Under Streetlights,HOGNI,2012,397,{''},False,True,False,False,False,3,False,"['my', 'whole', 'life', 'it', 'go', 'downhill', 'never', 'again', 'I', 'will', 'feel', 'a', 'thrill', 'do', 'not', 'believe', 'there', 'ever', 'be', 'a', 'free', 'will']"
136452,Fear My Odds,Small Town Crisis,2016,33,{''},False,False,False,False,True,2,True,"['it', 'be', 'like', 'chase', 'road', 'you', 'know', 'it', 'be', 'go', 'to', 'end', 'you', 'be', 'live', 'your', 'life', 'you', 'know', 'it', 'be', 'just', 'pretend', 'oh', 'you', 'know', 'oh', 'you', 'know', 'it', 'be', 'like', 'try', 'to', 'break', 'a', 'bond', 'that', 'be', 'just', 'not', 'go', 'to', 'bend', 'you', 'be', 'give', 'your', 'heart', 'oh', 'you', 'know', 'you', 'know', 'you', 'should', 'fear', 'my', 'odd']"
88775,Subarashii,Dim Lewko,2022,10,{''},False,False,True,False,False,2,False,"['she', 'wanna', 'eat', 'my', 'semen', 'I', '’m', 'gon', 'bе', 'paralyze', 'I', '’m', 'not', 'your', 'husband', 'karen', 'fuck', 'I', 'thеn', 'you', 'bounce', 'new', 'hoe', 'on', 'my', 'dm', 'pass', 'you', 'to', 'my', 'slat', 'I', 'put', 'this', 'shit', 'on', 'dad', 'cause', 'I', 'ai', 'n’t', 'get', 'a', 'dad', 'I', 'can', 'not', 'die', 'today', 'nor', 'tomorrow', 'nor', 'never', 'music', 'way', 'too', 'bless', 'burn', 'your', 'ear', 'go', 'to', 'heaven', 'I', 'smash', 'my', 'car', 'on', 'a', 'tree', 'but', 'fuck', 'it', 'I', '’m', 'still', 'blaze', 'I', 'do', 'level', 'up', 'my', 'g', '’s', 'this', 'be', 'why', 'she', 'oozin', '20k', 'on', 'my', 'bank', 'let', 'I', 'double', 'up', '20k', 'in', 'the', 'safe', 'where', '’s', 'the', 'location', 'I', 'can', 'not', 'split', 'the', 'bag', 'why', 'you', 'ask', 'I', 'rich', 'than', 'yo', 'man', 'who', 'gon', 'step', 'on', 'I', 'issey', 'miyake', 'ysl', 'private', 'mode', 'when', 'I', 'land', 'jimmy', 'shoo', 'andale', 'you', 'can', 'not', 'hang', 'with', 'the', 'mob', 'pussy', 'bald', 'geodude', 'when', 'I', '’m', 'in', 'it', '’', 'over', 'you', 'gon', 'cap', 'in', 'yo', 'rap', 'you', 'do', 'not', 'know', 'I', 'what', 'know']"
133302,Identity In Christ,Golden Resurrection,2011,83,{''},False,False,False,False,True,6,False,"['identity', 'in', 'christ', 'identity', 'in', 'christ']"
120414,SPEEDRACER,Steele 11,2018,178,{''},False,False,True,False,False,4,True,"['shawty', 'get', 'crazy', 'she', 'gon', 'strip', 'it', 'down', 'for', 'I', 'say', 'she', 'only', '21', 'bitch', 'I', 'be', 'only', '17', 'but', 'I', 'get', 'all', 'of', 'these', 'hundred', 'and', 'they', 'fallin', 'out', 'my', 'jean', 'have', 'to', 'put', 'she', 'under', 'pressure', 'so', 'she', 'can', 'not', 'fuck', 'on', 'I', 'I', 'get', 'money', 'like', 'a', 'stripper', 'but', 'they', 'treat', 'I', 'like', 'a', 'king', 'I', 'be', 'a', 'fuck', 'up', 'on', 'your', 'sister', 'and', 'she', 'wanna', 'ride', 'with', 'I', 'all', 'these', 'diamond', 'flash', 'on', 'I', 'bitch', 'be', 'I', 'just', 'in', 'a', 'dream', 'baby', 'snap', 'I', 'from', 'my', 'sleep', ""'cause"", 'I', 'be', 'dozin', 'off', 'the', 'lean']"
94317,Collection Plate,Ali Jones,2002,307,{'St. Lunatics'},False,False,True,False,False,2,False,"['ali', 'you', 'go', 'to', 'hit', 'dis', 'right', 'herre']"
110335,Ei8ht Is Enuff,Masta Ace,2009,4430,{'Edo. G'},False,False,True,False,False,0,False,"['yeah', 'yeah', 'yeah', 'yeah', 'one', 'two', 'we', 'be', 'not', 'get', 'to', 'spit', 'sixteen', 'on', 'this']"
125721,Booty,Erykah Badu,2000,15615,{''},False,False,False,True,False,5,True,"['hey', 'hey', 'hey', 'see', 'I', 'do', 'not', 'want', 'he', 'cause', 'of', 'what', 'he', 'be', 'do', 'to', 'you', 'and', 'you', 'do', 'not', 'need', 'he', 'cause', 'he', 'be', 'not', 'ready', 'see', 'I', 'do', 'not', 'want', 'he', 'if', 'he', 'be', 'not', 'make', 'no', 'arrangement', 'with', 'you', 'I', 'hope', 'you', 'would', ""'ve"", 'do', 'the', 'same', 'thing', 'for', 'I', 'too']"
56760,Where Heroes Go to Die,Espen Lind,2015,20,{''},False,True,False,False,False,7,False,"['this', 'special', 'heaven', 'be', 'home', 'to', 'all', 'the', 'star', 'the', 'first', 'one', 'I', 'see', 'be', 'hendrix', 'burn', 'his', 'guitar', 'freddie', 'mercury', 'and', 'kennedy', 'be', 'there', 'but', 'I', 'do', 'not', 'see', 'marilyn', 'so', 'I', 'forget', 'to', 'ask', 'about', 'their', 'affair', 'if', 'I', 'be', 'special', 'maybe', 'I', 'could', 'be', 'a', 'hero', 'when', 'I', 'die', 'I', 'would', 'get', 'my', 'wing', 'and', 'learn', 'to', 'fly']"
141689,Disappointment,The Cranberries,1994,7073,{''},False,False,False,False,True,2,False,"['in', 'the', 'night', 'we', 'fight', 'I', 'flee', 'you', 'be', 'right', 'it', 'be', 'exactly', 'there', 'it', 'be', 'exactly', 'there', 'I', 'decide', 'decide', 'decide', 'decide', 'we', 'throw', 'you', 'out', 'in', 'the', 'night', 'we', 'fight', 'I', 'flee', 'you', 'be', 'right', 'it', 'be', 'exactly', 'there', 'it', 'be', 'exactly', 'there', 'I', 'decide', 'decide', 'decide', 'decide', 'but', 'it', 'will', 'not', 'be', 'any', 'hard', 'and', 'I', 'hope', 'you', 'will', 'find', 'your', 'way', 'again', 'and', 'it', 'will', 'not', 'get', 'any', 'high', 'but', 'it', 'all', 'boil', 'down', 'to', 'what', 'you', 'do', 'there', 'there', 'there', 'there', 'there', 'there', 'there', 'there']"
84369,No cap,Tobi Smallz,2021,13,{''},False,False,True,False,False,3,False,"['all', 'my', 'dawgs', 'out', 'in', 'their', 'mustang', 'christian', 'boy', 'you', 'would', 'find', 'I', 'with', 'the', 'muslims', '247', 'on', 'the', 'move', 'finna', 'do', 'thing', 'get', 'my', 'girl', 'act', 'up', 'with', 'the', 'mood', 'swing']"
141180,World at Redemption,Reaper (UK),2018,11,{''},False,False,False,False,True,1,False,"['harmonic', 'gunfire', 'it', 'all', 'sound', 'the', 'same', 'conflict', 'before', 'I', 'as', 'I', 'be', 'drive', 'insane', 'I', 'be', 'armed', 'for', 'battle', 'and', 'I', 'be', 'ready', 'to', 'run', 'my', 'trip', 'to', 'heaven', 'have', 'already', 'begin']"
138153,Smelling Salt,For the Fallen Dreams,2014,405,{'Landon Tewers'},False,False,False,False,True,3,False,"['this', 'be', 'what', 'I', 'need', 'to', 'say', 'to', 'keep', 'to', 'myself', 'from', 'watch', 'you', 'walk', 'away', 'and', 'the', 'clock', 'be', 'tick', 'five', 'year', 'fast', 'forward', 'its', 'not', 'go', 'to', 'be', 'the', 'same', 'it', 'will', 'never', 'be', 'the', 'same', 'I', 'do', 'not', 'want', 'to', 'lose', 'my', 'way']"
130682,Dan Collins vs. The Maryland Judicial System,Teen Suicide,2012,5497,{''},False,False,False,False,True,1,False,"['I', 'do', 'not', 'wanna', 'go', 'anywhere', 'with', 'you', 'I', 'have', 'get', 'so', 'many', 'well', 'thing', 'that', 'I', 'wanna', 'do']"
94220,MonaLisa,Sayla,2015,103,{'Yang Ariff'},False,False,True,False,False,4,False,"['light', 'the', 'blunt', 'let', 'the', 'high', 'take', 'you', 'back', 'I', 'get', 'the', 'record', 'stack', 'that', 'could', 'sink', 'a', 'city', 'of', 'dame', 'addict', 'to', 'plaque', 'they', 'get', 'that', 'motown', 'mojo', 'apollo', 'mode', 'yo', 'pull', 'a', 'young', 'lauryn', 'turn', 'phoenix', 'and', 'set', 'fire', 'to', 'the', 'dojo', 'come', 'home', 'I', '’ll', 'treat', 'you', 'well', 'than', 'the', 'old', 'chief', 'and', 'head', 'honchos', 'come', 'on', 'come', 'on', 'let', '’s', 'play', 'a', 'high', 'game', 'of', 'chess', 'pick', 'your', 'brain', 'and', 'let', 'the', 'lust', 'the', 'digress', 'digest', 'the', 'love', 'lose', 'they', 'love', 'war', 'so', 'you', 'do', 'n’t', 'fuck', 'with', 'em', 'they', 'be', 'buggin', 'bout', 'be', 'the', 'big', 'boss', 'but', 'I', 'do', 'n’t', 'bug', 'with', 'em', 'I', 'be', 'the', 'good', 'guy', 'befriend', 'bad', 'guy', 'that', 'want', 'to', 'be', 'good', 'guy', 'but', 'do', 'it', 'mad', 'fly', 'too', 'short', 'for', 'b', 'ball', 'but', 'too', 'long', 'for', 'the', 'just', 'one', 'time', 'conscious', 'of', 'the', 'consequence', 'of', 'shower', 'you', 'with', 'compliment', 'so', 'I', 'hold', 'back', 'do', 'not', 'let', 'you', 'forget', 'the', 'scene', '’s', 'cotton', 'candy', 'and', 'I', 'know', 'you', 'love', 'throwback', 'so', 'come', 'back', 'to', 'gold', 'love', 'we', 'on', 'that']"
130450,Here I Go Again,Anuhea,2009,150,{''},False,False,False,False,True,5,False,"['here', 'I', 'go', 'here', 'I', 'go', 'here', 'I', 'go', 'again', 'here', 'I', 'go', 'here', 'I', 'go', 'here', 'I', 'go', 'again', 'here', 'I', 'go', 'here', 'I', 'go', 'here', 'I', 'go', 'again', 'run', 'away', 'to', 'say', 'hello', 'all', 'over', 'again']"
122838,Genesis-Revelations,Kalen Lumiere,2017,31,{''},False,False,False,True,False,2,True,"['see', 'you', 'the', 'genesis', 'when', 'you', 'take', 'your', 'clothe', 'off', 'it', 'be', 'revelation']"
73629,Waiting For Red Lights,F-Timmi,2015,20,{''},False,True,False,False,False,0,False,"['I', 'turn', 'around', 'and', 'look', 'to', 'see', 'you', 'say', 'hello', 'to', 'someone', 'else', 'and', 'soon', 'these', 'thought', 'flow', 'constantly', 'of', 'who', 'you', 'be', 'and', 'what', 'we', 'should', 'be', 'I', 'know', 'that', 'I', 'be', 'only', 'here', 'to', 'turn', 'you', 'on', 'to', 'all', 'the', 'thing', 'you', 'will', 'want', 'someday', 'from', 'someone', 'else', 'so', 'my', 'flag', ""'s"", 'up', 'here', 'be', 'my', 'mayday']"
82866,Dead Presidents,Sir Toney,2019,10,{''},False,False,True,False,False,9,False,"['with', 'that', 'being', 'say', 'I', '’m', 'do', 'all', 'that', 'I', 'can']"
91706,Lie to Me feat. BBG Smokey Alternate Version,Lil Mussie,2022,14,{'BBG Smokey'},False,False,True,False,False,2,False,"['she', 'over', 'mebut', 'I', 'swear', 'she', 'a', 'hoe', 'for', 'I', 'come', 'hold', 'I', 'please', 'this', 'lifestyle', 'she', 'a', 'hoe', 'for', 'I', 'she', 'hoe', 'for', 'I', 'yeah', 'rockstar', 'life', 'style', 'baby', 'rockstar', 'rock', 'I', 'baby', 'she', 'use', 'to', 'drive', 'an', '80', '’s', 'now', 'she', 'want', 'drive', 'mercede', 'she', 'can', 'drive', 'I', 'so', 'crazy', 'she', 'want', 'hold', 'I', 'baby', 'she', 'want', 'hold', 'I', 'crazy', 'yeah', ""'cuz"", 'there', ""'s"", 'thing', 'wanna', 'do', 'to', 'you', 'show', 'to', 'you', 'this', 'lifestyle', 'it', 'be', 'so', 'new', 'to', 'you', 'it', 'be', 'rude', 'to', 'you', 'this', 'money', 'it', 'be', 'not', 'news', 'to', 'you', 'so', 'new', 'to', 'you', 'this', 'money', 'it', 'be', 'not', 'news', 'to', 'you', 'yeah', 'so', 'new', 'to', 'you']"
47921,Precious Cargo,Barbara Dickson,1989,117,{''},False,True,False,False,False,4,False,"['this', 'baby', 'never', 'sleep', 'no', 'this', 'baby', 'never', 'sleep', 'it', 'lie', 'in', 'the', 'dark', 'with', 'one', 'eye', 'open', 'watch', 'the', 'world', 'watch', 'the', 'world']"
161469,Fire,Augustana,2008,2238,{''},False,False,False,False,True,2,False,"['there', 'you', 'be', 'in', 'your', 'black', 'dress', 'move', 'slow', 'to', 'the', 'sadness', 'I', 'could', 'watch', 'you', 'dance', 'for', 'hour', 'I', 'could', 'take', 'you', 'by', 'my', 'side']"
125116,What are we?,"Akeem Jahat, Marian Carmel, Soul Dot",2021,30,{'Akeem Jahat / Marian Carmel / Soul Dot'},False,False,False,True,False,1,True,"['cause', 'when', 'you', 'call', 'I', 'up', 'I', 'drop', 'everything', 'you', 'can', 'think', 'of', 'all', 'the', 'thing', 'I', 'know', 'this', 'be', 'the', 'one', 'thing', 'I', 'can', 'not', 'let', 'go']"
107106,World View,Battler,2015,43,{''},False,False,True,False,False,9,False,"['I', 'see', 'a', 'lot', 'of', 'girl', 'put', 'nyl', 'on', 'try', 'to', 'the', 'feed', 'the', 'different', 'size', 'of', 'python', 'a', 'lot', 'want', 'to', 'be', 'the', 'next', 'big', 'thing', 'show', 'themselves', 'off', 'to', 'show', 'curve', 'and', 'swing', 'there', 'be', 'still', 'beauty', 'out', 'there', 'somewhere', 'but', 'I', 'still', 'can', 'not', 'find', 'my', 'bae', 'fuck', 'this', 'despair', 'they', 'always', 'go', 'for', 'the', 'damn', 'innocent', 'seize', 'they', 'to', 'the', 'dark', 'side', 'within', 'an', 'instant']"
80720,So Smooth,Tokes_ec,2021,17,{''},False,False,True,False,False,12,False,"['only', 'time', 'can', 'measure', 'only', 'time', 'can', 'measure', 'so', 'get', 'the', 'fuck', 'out', 'my', 'crib', 'if', 'u', 'be', 'not', 'tryin', 'for', 'treasure', 'my', 'fit', 'fly', 'no', 'feather', 'my', 'shit', 'tie', 'to', 'weather', 'cause', 'it', 'be', 'cold', 'as', 'hell', 'n', 'hot', 'tie', 'together']"
156951,Cherry Cream On,Unrest,1992,314,{''},False,False,False,False,True,2,False,"['cherry', 'cherry', 'cherry', 'cherry', 'cherry', 'cherry', 'cherry', 'suck', 'on', 'I', 'just', 'want', 'to', 'see', 'your', 'inside', 'I', 'just', 'want', 'to', 'see', 'your']"
70686,I Think You Should Know,3LW,2000,343,{''},False,True,False,False,False,8,False,"['what', 'may', 'look', 'good', 'to', 'you', 'may', 'not', 'be', 'good', 'for', 'you', 'do', 'not', 'let', 'my', 'smile', 'deceive', 'you', 'my', 'body', 'talk', 'mislead', 'you', 'what', 'may', 'look', 'good', 'to', 'you', 'may', 'not', 'be', 'good', 'for', 'you', 'do', 'not', 'let', 'my', 'smile', 'deceive', 'you', 'my', 'body', 'talk', 'mislead', 'you']"
82805,​​iF iT Aint Me,7AE,2021,2711,{'G-Eazy'},False,False,True,False,False,2,False,"['uh', 'if', 'it', 'be', 'not', 'I', 'then', 'who', 'then', 'this', 'year', 'I', 'have', 'lose', 'focus', 'just', 'come', 'in', 'to', 'view', 'I', 'be', 'back', 'beggin', 'cupid', 'to', 'aim', 'it', 'at', 'you', 'this', 'time', 'it', 'feel', 'different', 'though', 'be', 'take', 'shot', 'for', 'the', 'first', 'time', 'in', 'my', 'life', 'the', 'same', 'with', 'the', 'flu', 'go', 'off', 'on', 'I', 'for', 'shit', 'I', 'be', 'not', 'do', 'believin', 'those', 'rumor', 'I', 'know', 'you', 'do', 'not', 'want', 'to', 'get', 'embarrassed', 'or', 'ever', 'get', 'label', 'a', 'fool', 'but', 'if', 'we', 'both', 'honest', 'we', 'have', 'a', 'private', 'agreement', 'a', 'promise', 'only', 'between', 'we', 'vacation', 'on', 'island', 'avoidin', 'piranhas', 'avoidin', 'the', 'shade', 'room', 'and', 'all', 'of', 'the', 'drama', 'no', 'picture', 'get', 'post', 'no', 'heart', 'will', 'get', 'break', 'these', 'secret', 'get', 'keep', 'and', 'they', 'never', 'get', 'speak', 'keep', 'it', 'inside', 'never', 'out', 'in', 'the', 'open', 'no', 'cause', 'no', 'commotion', 'keep', 'it', 'on', 'the', 'low']"
155131,Dual Nothingness,Wallachia,2012,36,{''},False,False,False,False,True,5,False,"['absolve', 'I', 'from', 'the', 'emptiness', 'all', 'consume', 'nothingness', 'the', 'mirror', 'of', 'my', 'soul', 'tear', 'between', 'this', 'duality', 'haunt', 'by', 'the', 'memory', 'I', 'have', 'to', 'bring', 'myself', 'down']"
96025,New,Slitty Wrists,2018,92,{''},False,False,True,False,False,2,False,"['new', 'kid', 'spit', 'seven', 'scripture', 'new', 'testament', 'step', 'on', 'it', 'you', 'know', 'I', '’m', 'hella', 'light', 'no', 'I', 'be', 'not', 'watch', 'my', 'manner', 'or', 'etiquette', 'I', 'be', 'not', 'forget', 'shit', 'smooth', 'with', 'the', 'shit', 'yeah', 'the', 'movement', 'swift', 'it', 'get', 'dirty', 'like', 'a', 'doo', 'doo', 'piss', 'who', 'you', 'know', 'nigga', 'get', 'the', 'move', 'like', 'this']"
83159,Ribcage,SPINEKISSER,2020,4,{''},False,False,True,False,False,3,False,"['five', 'snake', 'to', 'the', 'bone', 'take', 'one', 'and', 'take', 'a', 'dice', 'slice', 'eye', 'to', 'the', 'prize', 'we', 'only', 'stay', 'in', 'lie', 'okay', 'I', 'say', 'when', 'I', 'get', 'the', 'bluff', 'who', 'do', 'you', 'call', 'when', 'you', 'can', 'not', 'open', 'up', 'the', 'weather', 'be', 'freeze', 'it', 'be', 'hate', 'my', 'gut', 'I', 'be', 'take', 'a', 'break', 'cause', 'my', 'finger', 'be', 'numb']"
39528,Tune Of His Glory Remix,Radiate Worship,2016,71,{''},False,True,False,False,False,3,True,"['I', 'can', 'not', 'live', 'without', 'you', 'I', 'will', 'not', 'live', 'without', 'you']"
141497,Dogs in the Night,Paul Sabu,1996,8,{''},False,False,False,False,True,7,False,"['and', 'I', 'think', 'it', 'be', 'my', 'turn', 'to', 'let', 'off', 'some', 'steam', 'I', 'be', 'overload', 'and', 'I', 'be', 'splittin', 'my', 'seam', 'I', 'do', 'not', 'wanna', 'see', 'you', 'trampin', 'on', 'I', 'oh', 'no']"
143997,Lord Only Knows,Beck,1996,6603,{''},False,False,False,False,True,2,False,"['invite', 'I', 'to', 'the', 'seven', 'sea', 'like', 'some', 'seasick', 'man', 'you', 'will', 'do', 'whatever', 'you', 'please', 'and', 'I', 'will', 'do', 'whatever', 'I', 'can', 'titanic', 'fare', 'thee', 'well', 'my', 'eye', 'be', 'turn', 'pink', 'do', 'not', 'call', 'we', 'when', 'the', 'new', 'age', 'get', 'old', 'enough', 'to', 'drink']"
25303,Get Happy,Marian McPartland,2015,15,{''},False,True,False,False,False,2,False,"['we', 'be', 'head', 'cross', 'the', 'river', 'go', 'to', 'wash', 'our', 'sin', 'in', 'the', 'tide', 'it', 'be', 'all', 'so', 'peaceful', 'on', 'the', 'other', 'side']"
56050,Antidote,Alen Glitz,2018,10,{''},False,True,False,False,False,5,False,"['you', '’ve', 'leave', 'your', 'mark', 'you', '’ve', 'leave', 'your', 'scar', 'you', '’ve', 'let', 'I', 'down', 'now', 'bow', 'your', 'head', 'down']"
114156,Yo Btch,Scotty LVX,2018,107,{''},False,False,True,False,False,5,False,"['yeah', 'and', 'you', 'know', 'I', '’m', 'move', 'fast', 'get', 'money', 'be', 'the', 'task', 'it', '’', 'the', 'only', 'love', 'that', 'last', 'yeah', 'yeah', 'yeah', 'yeahbeing', 'break', 'be', 'in', 'the', 'past', 'past', 'have', 'to', 'get', 'up', 'out', 'that', 'cast', 'yeah', 'now', 'she', 'wanna', 'have', 'a', 'blast', 'woo', 'woo!she', 'into', 'I', 'she', 'tend', 'to', 'I', 'I', 'promise', 'I', 'ai', 'n’t', 'the', 'enemy', 'nopemust', 'be', 'the', 'hennessy', 'and', 'tennessee', 'my', 'dawgs', 'be', 'not', 'friend', 'to', 'I', 'they', 'kin', 'to', 'I', 'y’', 'all', 'be', 'too', 'finicky', 'to', 'lend', 'to', 'I', 'now', 'shit', 'do', 'pop', 'y’', 'all', 'like', 'remember', 'I', 'what?well', 'I', 'know', 'the', 'remedy', 'yeah', 'I', 'show', 'no', 'empathy', 'boy', 'please', 'boy', 'please', 'at', 'ease', 'believe', 'yo', 'girl', 'go', 'uh', 'huh', 'in', 'the', 'wind', 'shit', 'be', 'a', 'breeze', 'yeah', 'yeahall', 'fact', 'all', 'fact', 'I', 'do', 'n’t', 'cap', 'uh', 'nahmy', 'shit', 'pure', 'yeah', 'your', 'shit', 'drip', 'yeah', 'like', 'the', 'tap', 'yeah', 'yeah']"
28060,Whats Up Duloc?,Christopher Sieber,2009,16374,{''},False,True,False,False,False,20,False,"['thing', 'be', 'look', 'uo']"
62049,Subgod,Obliveon,1995,44,{''},False,True,False,False,False,4,False,"['I', 'live', 'in', 'your', 'dream', 'and', 'nightmare', 'I', 'never', 'rest', 'inbreed', 'in', 'your', 'brain', 'with', 'fallacy', 'I', 'infest', 'I', 'have', 'to', 'bring', 'back', 'the', 'fear', 'I', 'recall', 'I', 'be', 'a', 'source', 'of', 'torment', 'I', 'beget', 'the', 'pretense', 'that', 'make', 'you', 'crawl', 'on', 'the', 'ground', 'of', 'doom']"
115533,Addicted,Bengilink,2019,35,{''},False,False,True,False,False,3,True,"['sayin', 'that', 'she', 'hate', 'I', 'but', 'she', 'come', 'right', 'back']"
66147,Wide Awake,Tiffany Alvord,2012,67,{''},False,True,False,False,False,3,False,"['I', 'wish', 'I', 'know', 'then', 'what', 'I', 'know', 'now', 'would', 'not', 'dive', 'in', 'would', 'not', 'bow', 'down', 'gravity', 'hurt', 'you', 'make', 'it', 'so', 'sweet', 'till', 'I', 'wake', 'up', 'on', 'on', 'the', 'concrete', 'fall', 'from', 'cloud', 'nine', 'crash', 'from', 'the', 'high', 'I', 'be', 'let', 'go', 'tonight', 'I', 'be', 'fall', 'from', 'cloud', 'nine']"
138266,Take a Breath,Underoath,2022,1623,{''},False,False,False,False,True,6,False,"['pull', 'I', 'in', 'cover', 'I', 'bury', 'I', 'walk', 'away', 'I', 'will', 'not', 'notice', 'it', 'be', 'so', 'hopeless', 'follow', 'I', 'silently', 'off', 'a', 'ledge', 'so', 'we', 'can', 'sleep', 'so', 'we', 'can', 'sleep', 'take', 'a', 'breath', 'if', 'you', 'need', 'it', 'take', 'a', 'breath', 'if', 'you', 'need', 'it', 'come', 'on', 'breathe', 'take', 'a', 'breath']"
84339,Keep It Rollin,A Tribe Called Quest,1993,46939,{'Large Professor'},False,False,True,False,False,0,False,"['a', 'yo', 'swing', 'swing', 'swing', 'to', 'chop', 'chop', 'chop', 'yo', 'that', 'be', 'the', 'sound', 'when', 'mc', ""'s"", 'get', 'mopped', 'do', 'not', 'come', 'around', 'town', 'without', 'the', 'hip', 'in', 'your', 'hop', ""'cause"", 'when', 'the', 'shit', 'hit', 'the', 'fan', 'that', ""ass'll"", 'get', 'drop', 'mc', ""'s"", 'wanna', 'attack', 'I', 'but', 'they', 'punk', 'can', 'not', 'cope', 'I', 'will', 'have', 'you', 'leave', 'without', 'a', 'job', 'like', 'isaac', 'from', 'the', 'love', 'boat', 'so', 'money', 'watch', 'your', 'mouth', 'or', 'I', 'be', 'a', 'have', 'to', 'bust', 'ya', 'battle', 'mc', ""'s"", 'from', 'jfk', 'to', 'russia', 'back', 'down', 'to', 'london', 'sweden', 'and', 'brazil', 'do', 'a', 'u.s', 'tour', 'for', 'three', 'month', 'and', 'then', 'I', 'chill', 'style', 'be', 'fat', 'like', 'jackie', 'gleason', 'the', 'rest', 'be', 'art', 'carney', 'people', 'love', 'the', 'dawg', 'like', 'the', 'kid', 'love', 'barney', 'I', 'love', 'you', 'you', 'love', 'I', 'the', 'shorty', 'phife', 'dawg', 'be', 'your', 'favorite', 'mc', 'so', 'move', 'back', 'yaself', 'dread', 'you', 'know', 'the', 'element', 'the', 'tribe', 'be', 'good', 'for', 'your', 'health', 'like', 'a', 'can', 'of', 'nutrament', 'mc', ""'s"", 'do', 'not', 'have', 'no', 'win', 'mc', ""'s"", 'do', 'not', 'have', 'no', 'bitchesi', 'flip', 'shit', 'crazy', 'than', 'a', 'busload', 'full', 'of', 'jerry', ""'s"", 'kid', 'your', 'crew', 'do', 'not', 'want', 'it', 'and', 'your', 'crew', 'do', 'not', 'want', 'it', 'but', 'if', 'you', 'feel', 'you', 'can', 'swing', 'it', 'then', 'money', 'please', 'bring', 'it', 'large', 'professor', 'in', 'the', 'house', 'you', 'know', 'how', 'we', 'do', 'I', 'skate', 'on', 'your', 'crew', 'like', 'mario', 'lemieux', 'peace', 'to', 'ike', 'love', 'and', 'the', 'rest', 'of', 'the', 'crew', 'I', 'will', 'meet', 'you', 'guy', 'in', 'front', 'the', 'cleaner', 'bring', 'the', 'blunt', 'and', 'the', 'brew', 'so']"
137007,Thirst Is Taking Over,Skillet,2001,1029,{''},False,False,False,False,True,6,True,"['you', 'alone', 'be', 'what', 'my', 'soul', 'need', 'you', 'know', 'the', 'thirst', 'be', 'take', 'over', 'hardly', 'breathe', 'I', 'be', 'in', 'urgent', 'need', 'you', 'know', 'the', 'thirst', 'be', 'take', 'over', 'you', 'alone', 'be', 'what', 'my', 'soul', 'need', 'you', 'know', 'the', 'thirst', 'be', 'take', 'over', 'hardly', 'breathe', 'I', 'be', 'in', 'urgent', 'need', 'you', 'know', 'the', 'thirst', 'be', 'take', 'over', 'you', 'alone', 'be', 'what', 'my', 'soul', 'need', 'you', 'know', 'the', 'thirst', 'be', 'take', 'over', 'hardly', 'breathe', 'I', 'be', 'in', 'urgent', 'need', 'you', 'know', 'the', 'thirst', 'be', 'take', 'over']"
69479,Blue Flower Blue,PETER LAKE,2021,134,{''},False,True,False,False,False,9,False,"['red', 'petal', 'red', 'petal', 'do', 'not', 'ever', 'change']"
120949,Purple Fog,Slvughter,2020,12,{''},False,False,True,False,False,5,False,"['from', 'planet', 'mar', 'like', 'trago', 'tarf', 'and', 'kurt', 'dagmar', 'fuckin', 'martian', 'like', 'dwayne', 'michael', 'carter', 'oh', 'my', 'he', 'be', 'here']"
129577,Need Space,Nielz,2021,6,{''},False,False,False,True,False,6,False,"['I', 'know', 'I', 'know', 'I', 'knowwe', 'be', 'so', 'low']"
159426,Not Giving Up,Youth In Revolt,2016,1188,{''},False,False,False,False,True,12,False,"['I', '’ve', 'be', 'well', 'but', 'I', '’m', 'stay', 'up', 'late', 'feel', 'like', 'we', '’ll', 'never', 'make', 'it', 'but', 'I', '’m', 'still', 'not', 'give', 'up', 'on', 'you', 'not', 'give', 'up', 'I', '’m', 'not', 'give', 'up']"
149129,SICK  TIRED,Ryan Oakes,2021,236,{''},False,False,False,False,True,1,False,"['in', 'my', 'head', 'I', 'would', 'settle', 'down', 'and', 'not', 'fuck', 'around', 'but', 'I', 'think', 'that', 'I', 'meet', 'my', 'fucking', 'match', 'and', 'it', 'be', 'hard', 'to', 'catch', 'I', 'now']"
70163,Is Yesterday Tomorrow Today?,Stereophonics,1999,1190,{''},False,True,False,False,False,4,False,"['write', 'down', 'all', 'the', 'thing', 'that', 'you', 'would', 'like', 'to', 'be', 'write', 'down', 'all', 'the', 'thing', 'that', 'you', 'do', 'not', 'believe', 'write', 'down', 'all', 'the', 'place', 'you', 'would', 'like', 'to', 'see', 'write', 'down', 'anything', 'that', 'you', 'want', 'be', 'yesterday', 'tomorrow', 'today', 'be', 'nothing', 'go', 'to', 'change', 'the', 'way']"
105308,Hold Me,Calinado,2021,12,{''},False,False,True,False,False,6,False,"['through', 'the', 'storm', 'it', 'be', 'alright', 'feel', 'like', 'mist', 'x4']"
81591,Lazy River,BLvCKiiiCE,2014,22,{''},False,False,True,False,False,1,False,"['2', 'I', 'be', 'be', 'so', 'lazy', 'to', 'pop', 'off', 'on', 'you', 'people', 'that', 'hate', 'I', 'cause', 'you', 'do', 'not', 'faze', 'I', 'you', 'mad', 'cause', 'I', 'be', 'turn', 'up', 'every', 'night', 'with', 'the', 'lady', 'and', 'it', 'be', 'crazy', 'how', 'far', 'that', 'I', 'have', 'come', 'just', 'start', 'this', 'shit', 'I', 'have', 'already', 'blow', 'up', 'uh', 'you', 'say', 'my', 'music', 'dumb', 'ask', 'my', 'brother', 'he', 'will', 'tell', 'you', 'I', 'be', 'number', 'one', 'fameless', 'record', 'the', 'label', 'and', 'do', 'not', 'you', 'forgot', 'it', 'do', 'not', 'bite', 'off', 'my', 'swag', 'or', 'the', 'way', 'that', 'I', 'spit', 'it', 'so', 'gather', 'around', 'man', 'woman', 'and', 'child', 'and', 'watch', 'this', 'young', 'boy', 'officially', 'kill', 'it', 'you', 'think', 'you', 'well', 'than', 'I', 'the', 'reason', 'I', 'rap', 'be', 'so', 'stress', 'be', 'relieve', 'I', 'be', 'give', 'it', 'to', 'you', 'most', 'definantly', 'imma', 'go', 'til', 'these', 'people', 'remember', 'I', 'it', 'be', 'j', 'stylez', 'the', 'one', 'and', 'the', 'only', 'middle', 'finger', 'point', 'up', 'to', 'you', 'hater', 'who', 'do', 'not', 'know', 'I', 'but', 'quick', 'to', 'judge', 'I', 'because', 'I', 'be', 'a', 'younge', 'always', 'cussin', 'but', 'fuck', 'it', 'I', 'be', 'sorry', 'haha']"
132436,God I Fucked up Again,Bloodshel,2018,7,{''},False,False,False,False,True,4,False,"['and', 'I', 'fall', 'a', 'million', 'time', 'could', 'not', 'get', 'what', 'I', 'must', 'fine', 'lay', 'here', 'let', 'I', 'know', 'that', 'god', 'I', 'fuck', 'up', 'again']"
102607,Takeoff,KiddNeutron,2020,2,{''},False,False,True,False,False,1,True,"['hold', 'on', 'shawty', 'wait', 'a', 'second', 'remember', 'you', 'ai', 'not', 'want', 'I', 'now', 'I', '’m', 'up', 'I', '’m', 'really', 'flex', 'do', 'n’t', 'trynna', 'hit', 'my', 'line', 'baby', 'you', 'can', 'get', 'to', 'step', 'I', '’m', 'really', 'take', 'off', 'thank', 'to', 'god', 'for', 'all', 'these', 'blessing', 'man', 'my', 'family', 'tell', 'I', 'I', 'have', 'a', 'bright', 'future', 'since', 'eleven']"
63822,Tied To A Stone,Math And Physics Club,2013,61,{''},False,True,False,False,False,4,False,"['and', 'I', 'miss', 'you', 'more', 'than', 'you', 'know', 'say', 'let', 'start', 'over', 'no', 'one', 'will', 'ever', 'know', 'but', 'baby', 'I', 'will', 'know', 'by', 'the', 'river', 'with', 'your', 'hand', 'in', 'mine', 'we', 'be', 'singe', 'lion', 'sleep', 'tonight', 'I', 'be', 'on', 'my', 'way', 'I', 'be', 'on', 'my', 'way']"
91778,DIY Dream Part 1,Amina Lakin,2016,155,{''},False,False,True,False,False,6,False,"['uh', 'it', 'be', 'all', 'fuck', 'sweaty', 'all', 'fuck', 'heavy', 'he', 'be', 'breathe', 'real', 'heavy', 'mothafuckin', 'messy', 'mothafucking', 'messy', 'mothafucking', 'sexy', 'and', 'he', 'wear', 'a', 'condom']"
49589,Shes a Lady Junior Vasquez Remix,Tom Jones,1995,65,{''},False,True,False,False,False,1,False,"['well', 'she', 'be', 'all', 'you', 'would', 'ever', 'want', 'she', 'be', 'the', 'kind', 'I', 'would', 'like', 'to', 'flaunt', 'and', 'take', 'to', 'dinner', 'well', 'she', 'always', 'know', 'her', 'place', 'she', 'be', 'get', 'style', 'she', 'be', 'get', 'grace', 'she', 'be', 'a', 'winner']"
113406,Scroll Down,Logan182,2021,20,{''},False,False,True,False,False,0,False,"['all', 'the', 'smooth', 'arm', 'all', 'the', 'smooth', 'arms!all', 'the', 'smooth', 'arm', 'all', 'the', 'smooth', 'arms!all', 'the', 'smooth', 'arm', 'all', 'the', 'smooth', 'arms!all', 'the', 'smooth', 'arm', 'now', 'put', 'your', 'eyebrow', 'up']"
115123,Suppression,Penny47,2017,105,{'Moabi'},False,False,True,False,False,4,True,"['I', 'just', 'be', 'stay', 'lowkey']"
113703,Difference,Quavier,2021,14,{''},False,False,True,False,False,5,False,"['they', 'throw', 'dirt', 'on', 'my', 'name', 'yеahtoo', 'many', 'problem', 'I', 'be', 'go', 'insane', 'go', 'insane']"
68259,Hopelessly Devoted To You,Girls Aloud,2015,125,{''},False,True,False,False,False,3,False,"['my', 'head', 'be', 'say', 'fool', 'forget', 'he', 'my', 'heart', 'be', 'say', 'do', 'not', 'let', 'go', 'hold', 'on', 'to', 'the', 'end', 'that', 'be', 'what', 'I', 'intend', 'to', 'do', 'what', 'I', 'intend', 'to', ""doi'm"", 'hopelessly', 'devoted', 'to', 'you', 'but', 'now', 'there', 'be', 'no', 'where', 'to', 'hide', 'since', 'you', 'push', 'my', 'heart', 'aside', 'I', 'be', 'outta', 'my', 'head', 'I', 'be', 'hopelessly', 'devoted', 'to', 'you', 'I', 'be', 'hopelessly', 'devoted', 'to', 'you', 'you', 'oh', ""yeahi'm"", 'hopelessly', 'devoted', 'to', 'you', 'you']"
86212,Food for Your Thought,Word Play,2015,105,{''},False,False,True,False,False,0,False,"['I', 'try', 'to', 'tell', 'them', 'but', 'they', 'do', 'not', 'know', 'I', 'try', 'to', 'tell', 'them', 'but', 'they', 'do', 'not', 'know', 'I', 'try', 'to', 'tell', 'them', 'but', 'they', 'do', 'not', 'know', 'oh', 'oh', 'x2']"
27686,Song of the Big Shot Reprise,'Happy End' Cast,2007,7,"{'Sab Shimono', ""\\\\'Happy End\\\\' Cast"", 'Peter Macon'}",False,True,False,False,False,3,False,"['if', 'you', 'want', 'to', 'be', 'a', 'big', 'shot', 'start', 'by', 'learn', 'to', 'be', 'tough']"
107535,Piss Now Cum Later,Nigpro,2020,412,{''},False,False,True,False,False,2,False,"['I', 'be', 'in', 'that', 'nigga', 'ass', 'relax', 'but', 'I', 'be', 'not', 'gay', 'I', 'just', 'suck', 'on', 'the', 'cock', 'like', 'a', 'blunt', 'however', 'we', 'do', 'not', 'listen', 'to', 'fag', 'we', 'in', 'that', 'boy', ""'s"", 'ass', 'I', 'buy', 'she', 'a', 'dick', 'she', 'tellin', 'me', 'gay', 'be', 'the', 'good', 'point', 'a', 'that', 'nigga', 'who', 'act', 'like', 'a', 'nigga', 'bet', 'you', 'only', 'want', 'I', 'for', 'sex', 'I', 'be', 'like', 'hitler', 'I', 'be', 'not', 'just', 'a', 'domestic', 'terrorist', 'you', 'play', 'with', 'I', 'you', 'will', 'get', 'suck', 'ooohaaoohhoohhram', 'drac', 'in', 'my', 'ass', 'then', 'put', 'drake', 'on', 'my', 'dake', 'even', 'though', 'I', 'get', 'a', 'case', 'I', 'be', 'a', 'do', 'some', 'rape']"
40636,Cant Stop Missing You,Duava,2018,32,{''},False,True,False,False,False,0,False,"['see', 'your', 'face', 'through', 'the', 'green', 'but', 'I', 'can', 'tell', 'you', 'be', 'not', 'with', 'I', 'girl', 'you', 'be', 'countless', 'mile', 'away', 'and', 'it', 'be', 'more', 'than', 'I', 'could', 'take']"
51185,Too Close to the Sun,Morgan Powers,2017,35,{''},False,True,False,False,False,2,False,"['I', 'fly', 'too', 'close', 'to', 'the', 'sun', 'and', 'I', 'burn', 'burn', 'burn', 'bear', 'with', 'a', 'heart', 'and', 'a', 'brain', 'but', 'I', 'will', 'never', 'learn', 'gluttonous', 'with', 'a', 'notion', 'of', 'option', 'one', 'be', 'not', 'enough', 'and', 'I', 'feel', 'like', 'I', 'be', 'drown', 'now', 'drown', 'now', 'drown', 'I', 'out', 'I', 'will', 'not', 'try', 'again', 'try', 'again', 'will', 'not', 'call', 'you', 'my', 'friend']"
79086,Demons,YSC JuJu,2021,5,{''},False,False,True,False,False,38,False,"['they', 'say', 'I', 'be', 'win', 'but', 'it', 'feel', 'like', 'I', 'be', 'lose']"
89382,I Am Battler,Battler,2014,271,{''},False,False,True,False,False,16,False,"['no', 'more', 'play', 'the', 'game', 'you', '’re', 'the', 'only', 'one', 'that', '’s', 'get', 'yourself', 'to', 'blame', 'when', 'be', 'you', 'go', 'to', 'proclaim', 'when', 'be', 'you', 'go', 'to', 'put', 'yourself', 'into', 'the', 'frame', 'mr', 'game']"
113654,Hope Turns to Doubt,Deca,2004,168,{''},False,False,True,False,False,2,False,"['let', 'it', 'all', 'out', 'brush', 'the', 'weight', 'of', 'the', 'world', 'off', 'my', 'shoulder', 'all', 'doubt', 'throw', 'to', 'the', 'curb', 'there', 'be', 'no', 'time', 'for', 'that', 'now', 'disregard', 'escape', 'the', 'paradise', 'forget', 'life', 'brochure', 'no', 'search', 'photo', 'album', 'try', 'to', 'find', 'the', 'past']"
42762,FourFiveSeconds - Guitar Acoustic Version,Afternoon Acoustic,2015,14,{''},False,True,False,False,False,1,False,"['now', 'I', 'be', 'fourfivesecond', 'from', 'wildin', 'and', 'we', 'get', 'three', 'more', 'day', 'til', 'friday', 'I', 'be', 'just', 'tryna', 'make', 'it', 'back', 'home', 'by', 'monday', 'mornin', 'I', 'swear', 'I', 'wish', 'somebody', 'would', 'tell', 'I', 'ooh', 'that', 'be', 'all', 'I', 'want']"
29873,Dylirium,Hayien,2020,64,{''},False,True,False,False,False,2,False,"['just', 'know', 'that', 'if', 'your', 'desperate', 'to', 'aim', 'for', 'luck', 'it', 'be', 'not', ""'cause"", 'you', 'have', 'be', 'focus', 'hard', 'enough']"
95587,Twice Last Night,South Park Mexican,2000,4097,"{'Chiko Dateh', 'Baby Bash'}",False,False,True,False,False,3,False,"['2she', ""'s"", 'ridin', 'my', 'pony', 'man', 'she', 'be', 'horny', 'but', 'it', 'be', 'not', 'no', 'fun', 'if', 'I', 'can', 'not', 'call', 'the', 'homie', 'early', 'in', 'the', 'mornin', 'watch', 'erkl', 'while', 'she', 'blow', 'I', 'when', 'she', 'see', 'I', 'with', 'my', 'girlfriend', 'she', 'act', 'like', 'she', 'do', 'not', 'know', 'I', 'cause', 'she', 'get', 'love', 'for', 'I', 'my', 'ball', 'be', 'never', 'lonely', 'throw', 'I', 'crazy', 'with', 'that', 'ass', 'and', 'the', 'pretty', 'chicaronis', 'in', 'my', 'room', 'jamming', 'oldie', 'she', 'be', 'dancin', 'in', 'her', 'chonie', 'have', 'her', 'screamin', 'in', 'the', 'tele', 'til', 'the', 'neighbor', 'call', 'the', 'police', 'so', 'we', 'have', 'to', 'take', 'it', 'else', 'where', 'take', 'them', 'to', 'the', 'embassy', 'pick', 'up', 'a', 'stripper', 'firm', 'with', 'lesbian', 'tendency', 'half', 'black', 'and', 'japanese', 'go', 'on', 'they', 'daiquiris', 'my', 'bitch', 'eat', 'she', 'out', 'while', 'I', 'fill', 'up', 'her', 'cavity', 'then', 'we', 'do', 'it']"
128052,Something Wonderful,Amel Larrieux,2007,408,{''},False,False,False,True,False,2,True,"['he', 'have', 'a', 'thousand', 'dream', 'that', 'will', 'not', 'come', 'true', 'you', 'know', 'that', 'he', 'believe', 'in', 'they', 'and', 'that', 'be', 'enough', 'for', 'you', 'you', 'will', 'always', 'go', 'along', 'defend', 'he', 'when', 'he', 'be', 'wrong', 'and', 'tell', 'he', 'when', 'he', 'be', 'strong', 'and', 'he', 'be', 'wonderful']"
56912,Id Be a Fool,Chant Moore,2017,442,{'Chanté Moore'},False,True,False,False,False,2,False,"['oh', 'I', 'would', 'be', 'a', 'fool', 'oh', 'baby']"
101224,Kind Of Like Life,L'Orange & Jeremiah Jae,2015,333,"{""L\\\\'Orange & Jeremiah Jae""}",False,False,True,False,False,4,False,"['try', 'to', 'make', 'it', 'out', 'the', 'maze']"
64722,Put U On,Ninety7Official,2019,48,{'Smirk'},False,True,False,False,False,2,False,"['your', 'beauty', 'be', 'so', 'vibrant', 'you', 'to', 'bad', 'girl', 'I', 'hear', 'siren', 'you', 'my', 'treasure', 'I', '’m', 'your', 'pirate', 'you', 'my', 'true', 'gold', 'how', 'you', 'like', 'it', 'I', 'get', 'plan', 'where', 'you', 'stand', 'if', 'you', 'down', 'with', 'it', 'take', 'a', 'inch', 'take', 'a', 'foot', 'we', 'take', 'a', 'mile', 'with', 'it', 'girl', 'the', 'sky', 'be', 'never', 'bright', 'until', 'your', 'smile', 'hit', 'it', 'shit', 'the', 'way', 'you', 'take', 'the', 'cake', 'girl', 'you', 'wild', 'with', 'it']"
132434,Red Giant,Haken,2016,3464,{''},False,False,False,False,True,0,False,"['blood', 'red', 'sun', 'my', 'companion', 'feel', 'my', 'love', 'through', 'the', 'static', 'for', 'we', 'rust', 'and', 'dismantle', 'salvage', 'we', 'from', 'the', 'ash']"
154590,Awakening the Gods Within,Hate,2021,37,{''},False,False,False,False,True,3,False,"['I', 'would', 'be', 'lose', 'in', 'the', 'world', 'of', 'silence', 'without', 'your', 'voice', 'I', 'would', 'drift', 'outside', 'of', 'time', 'and', 'into', 'the', 'void', 'I', 'would', 'be', 'go', 'from', 'your', 'holy', 'embrace', 'wildfire', 'burns', 'wildfire', 'burn']"
49658,A Boy Of My Own,The Boy Who Danced On Air (Original Cast),2018,255,{''},False,True,False,False,False,5,False,"[""'cause"", 'I', 'will', 'let', 'he', 'know', 'yes', 'I', 'will', 'let', 'he', 'knowhow', 'sometimes', 'your', 'dream', 'can', 'come', 'true']"
159057,Down On Up To Me,Soul Asylum,1988,133,{''},False,False,False,False,True,2,False,"['sometimes', 'good', 'come', 'to', 'those', 'who', 'wait', 'sometimes', 'it', 'make', 'you', 'hesitate', 'some', 'folk', 'fight', 'for', 'humanity', 'some', 'folk', 'fight', 'for', 'their', 'sanity']"
158470,Friends,Dinosaur Jr.,2009,640,{''},False,False,False,False,True,6,False,"['I', 'wonder', 'what', 'I', 'could', 'not', 'think', 'I', 'be', 'feel', 'my', 'heart', 'sink', 'but', 'could', 'not', 'shake', 'it', 'off', 'mind', 'be', 'go', 'soft']"
111932,Dig Yourself a Grave,Andy Morin & Backxwash,2022,251,{''},False,False,True,False,False,1,False,"['disdain', 'for', 'all', 'this', 'always', 'on', 'some', 'island', 'this', 'be', 'not', 'no', 'cautious', 'rhyme', 'question', 'if', 'the', 'lord', 'be', 'bias', 'this', 'be', 'the', 'rope', 'your', 'diamond', 'tape', 'across', 'your', 'eyelid', 'for', 'every', 'fortune', 'five', 'and', 'who', 'would', 'think', 'oh', 'golly', 'my', 'demon', 'haunt', 'I', 'my', 'brother', 'lose', 'I', 'my', 'finger', 'softly', 'I', 'have', 'see', 'they', 'drop', 'stopping', 'do', 'not', 'think', 'I', 'get', 'I', 'I', 'get', 'the', 'shovel', 'that', 'be', 'ready', 'bear', 'to', 'stab', 'with', 'machete', 'society', 'let', 'I', 'die', 'sobriety']"
31215,Friends Who Make You Lonely,Lim Gwang Wook,2004,34,{''},False,True,False,False,False,4,False,"['ask', 'yourself', 'could', 'anyone', 'be', 'happy', 'happier']"
28809,Shiloh Live,Audrey Assad,2021,41,{''},False,True,False,False,False,0,False,"['deep', 'down', 'your', 'eye', 'look', 'haunt', 'by', 'grey', 'ghost', 'you', 'live', 'in', 'your', 'story', 'hunt', 'by', 'shadow', 'when', 'pain', 'come', 'to', 'show', 'you', 'what', 'you', 'would', 'rather', 'not', 'know', 'what', 'will', 'your', 'heart', 'do', 'what', 'will', 'you', 'let', 'go']"
84060,White Jacket,A.D from Terra,2016,30,{''},False,False,True,False,False,1,False,"['so', 'stay', 'away', 'cause', 'I', 'be', 'numb', 'she', 'want', 'I', 'do', 'not', 'lovestory', 'still', 'run', 'can', 'not', 'forget', 'our', 'story', 'nothing', 'be', 'good', 'at', 'it', 'so', 'I', 'be', 'smoke', 'blunt', 'in', 'my', 'white', 'jacket']"
142317,A lonely hell,Krash Krinny,2022,6,{''},False,False,False,False,True,4,True,"['you', 'do', 'not', 'know', 'lonely', 'like', 'those', 'dream', 'I', 'have', 'of', 'you', 'you', 'can', 'not', 'save', 'I', 'from', 'myself', 'its', 'only', 'I', 'its', 'only', 'I', 'in', 'my', 'hell']"
66817,Its Over Now,Angel Fires,2020,21,{''},False,True,False,False,False,0,True,"['do', 'not', 'grow', 'apart', 'or', 'dwell', 'on', 'moment', 'past', 'share', 'a', 'heart', 'even', 'the', 'dark', 'part', 'could', 'not', 'separate', 'the', 'love', 'we', '’d', 'make', 'it', '’s', 'over', 'now', 'it', '’s', 'over', 'now', 'and', 'I', 'can', 'not', 'stay', 'here', 'move', 'on', 'stop', 'the', 'move', 'tear', 'it', '’ll', 'be', 'alright', 'it', '’', 'the', 'great', 'lie', 'you', '’ll', 'ever', 'hear', 'it', '’s', 'over', 'now']"
150693,All In Good Times,Honey Island Project,1998,5,{'Spy Vs Spy'},False,False,False,False,True,1,True,"['all', 'in', 'good', 'time', 'put', 'your', 'face', 'in', 'my', 'hand', 'and', 'my', 'head', 'in', 'my', 'pillow', 'all', 'in', 'good', 'time']"
158591,Search and Destroy,Ministry,2021,1502,{''},False,False,False,False,True,2,False,"['look', 'out', 'honey', ""'cause"", 'I', 'be', 'use', 'technology', 'and', 'I', 'be', 'not', 'get', 'time', 'to', 'make', 'no', 'apology']"
